id,categoria,monto
1,B,1
2,A,2
3,C,3
4,A,4
5,B,5
6,A,6
7,C,7
8,A,8
9,B,9
10,,10
11,C,11
12,A,12
13,B,13
14,A,14
15,C,
16,A,16
17,B,17
18,A,18
19,C,19
20,,20
21,B,21
22,A,22
23,C,23
24,A,24
25,B,
26,A,26
27,C,27
28,A,28
29,B,29
30,,30
31,C,31
32,A,32
33,B,33
34,A,34
35,C,
36,A,36
37,B,37
38,A,38
39,C,39
40,,40
41,B,41
42,A,42
43,C,43
44,A,44
45,B,45
46,A,46
47,C,47
48,A,48
49,B,49
50,,50
51,C,51
52,A,52
53,B,53
54,A,54
55,C,55
56,A,56
57,B,57
58,A,58
59,C,59
60,,60
61,B,61
62,A,62
63,C,63
64,A,64
65,B,65
66,A,66
67,C,67
68,A,68
69,B,69
70,,70
71,C,71
72,A,72
73,B,73
74,A,74
75,C,75
76,A,76
77,B,77
78,A,78
79,C,79
80,A,80
81,B,81
82,A,82
83,C,83
84,A,84
85,B,85
86,A,86
87,C,87
88,A,88
89,B,89
90,A,90
91,C,91
92,A,92
93,B,93
94,A,94
95,C,95
96,A,96
97,B,0
98,A,1
99,C,2
100,A,3
101,B,4
102,A,5
103,C,6
104,A,7
105,B,8
106,A,9
107,C,10
108,A,11
109,B,12
110,A,13
111,C,14
112,A,15
113,B,16
114,A,17
115,C,18
116,A,19
117,B,20
118,A,21
119,C,22
120,A,23
121,B,24
122,A,25
123,C,26
124,A,27
125,B,28
126,A,29
127,C,30
128,A,31
129,B,32
130,A,33
131,C,34
132,A,35
133,B,36
134,A,37
135,C,38
136,A,39
137,B,40
138,A,41
139,C,42
140,A,43
141,B,44
142,A,45
143,C,46
144,A,47
145,B,48
146,A,49
147,C,50
148,A,51
149,B,52
150,A,53
151,C,54
152,A,55
153,B,56
154,A,57
155,C,58
156,A,59
157,B,60
158,A,61
159,C,62
160,A,63
161,B,64
162,A,65
163,C,66
164,A,67
165,B,68
166,A,69
167,C,70
168,A,71
169,B,72
170,A,73
171,C,74
172,A,75
173,B,76
174,A,77
175,C,78
176,A,79
177,B,80
178,A,81
179,C,82
180,A,83
181,B,84
182,A,85
183,C,86
184,A,87
185,B,88
186,A,89
187,C,90
188,A,91
189,B,92
190,A,93
191,C,94
192,A,95
193,B,96
194,A,0
195,C,1
196,A,2
197,B,3
198,A,4
199,C,5
200,A,6
10,,10
20,,20
