pedido,fecha_pedido,importe,estado
P0001,02/02/2025,3.50,enviado
P0002,03/03/2025,7.00,pagado
P0003,04/04/2025,10.50,devuelto
P0004,05/05/2025,14.00,pagado
P0005,06/06/2025,17.50,enviado
P0006,07/07/2025,21.00,pagado
P0007,08/08/2025,24.50,devuelto
P0008,09/09/2025,28.00,pagado
P0009,10/10/2025,31.50,enviado
P0010,11/11/2025,35.00,pagado
P0011,12/12/2025,38.50,devuelto
P0012,13/01/2025,42.00,pagado
P0013,14/02/2025,45.50,enviado
P0014,15/03/2025,49.00,pagado
P0015,16/04/2025,52.50,devuelto
P0016,17/05/2025,56.00,pagado
P0017,18/06/2025,59.50,enviado
P0018,19/07/2025,63.00,pagado
P0019,20/08/2025,66.50,devuelto
P0020,21/09/2025,70.00,pagado
P0021,22/10/2025,73.50,enviado
P0022,23/11/2025,77.00,pagado
P0023,24/12/2025,80.50,devuelto
P0024,25/01/2025,84.00,pagado
P0025,26/02/2025,87.50,enviado
P0026,27/03/2025,91.00,pagado
P0027,28/04/2025,94.50,devuelto
P0028,01/05/2025,98.00,pagado
P0029,02/06/2025,101.50,enviado
P0030,03/07/2025,105.00,pagado
P0031,04/08/2025,108.50,devuelto
P0032,05/09/2025,112.00,pagado
P0033,06/10/2025,115.50,enviado
P0034,07/11/2025,119.00,pagado
P0035,08/12/2025,122.50,devuelto
P0036,09/01/2025,126.00,pagado
P0037,10/02/2025,129.50,enviado
P0038,11/03/2025,133.00,pagado
P0039,12/04/2025,136.50,devuelto
P0040,13/05/2025,140.00,pagado
